aa,ea
0.4135415494266691,0.5603824165921022
0.4366079112507939,0.5895898451830306
0.4436414720107097,0.5972306388284538
0.40977262629562405,0.5711174573287039
0.4241588336033464,0.5229155739228425
0.4251972159184021,0.5254598974299421
0.4335059112680521,0.48602429182385476
0.44825912130798906,0.5028225103621784
0.46407698514116213,0.5177574130926982
0.4297066525953922,0.4763593480435622
0.4342899567060014,0.4277610811797952
0.45056172240534254,0.4482596511188341
0.39735624994127944,0.42298312534318666
0.409441233391631,0.42384672134840473
0.4087795970041248,0.4584575056540162
0.37737676112120994,0.430940863217924
0.40337723142461734,0.41779181583650327
0.42747006227233725,0.42375760988056527
0.41745894298792946,0.5309744143841437
0.42112721183035373,0.5596422602425715
0.39050752529367355,0.5467730331819606
0.36260773484681175,0.5163997353978481
0.40255732489610113,0.5238760460333328
0.41483281429302576,0.526763666497845
0.3442045066500955,0.4465804056700732
0.36964981774832517,0.47334701091137665
0.3583846600082519,0.47806156552341045
0.3580797248616798,0.47197639286397075
0.3822099905508235,0.4854008168036553
0.3907795605847571,0.4972524250910988
0.43603337381647805,0.4745140593870028
0.43408192121894845,0.4950449192679121
0.4238918565732701,0.45110315812046586
0.4003200275575055,0.43870014034522437
0.40645555948795936,0.416038366682468
0.4156628634087024,0.43391424032643516
0.38790452096423744,0.44052140911783977
0.4083096475540566,0.4487922258050268
0.424079456502493,0.5428373198338914
0.36144972734727254,0.47259668159881085
0.38392963751124853,0.4480027802048683
0.39546619669356503,0.4485008632809484
0.4193894835886249,0.5863124031946084
0.40206756860986836,0.5679026726745193
0.41548652976109784,0.5786777817075874
0.40119330509189,0.5706377138614143
0.40590157409628747,0.5188416057298604
0.4202339058350174,0.5297543376238453
0.447714415501953,0.5037581086078631
0.43770155042307335,0.4809797020002552
0.4554984576118566,0.5109326763321844
0.42659379813907483,0.4872486635972199
0.4288899376693324,0.42114165434891454
0.45200790454887513,0.44134587711936746
0.4036593067302895,0.4206237367975908
0.41490435948069393,0.43516953919334556
0.4109169415780089,0.4491791438671798
0.38259413126538294,0.42532201874357345
0.4038060739024834,0.420399450282508
0.42692957197952836,0.42262785795051294
0.4126713611629683,0.5518091782651989
0.38748485864874627,0.5239924545089562
0.37323256318059206,0.5416720851042545
0.35020106361925246,0.5273246220665089
0.39272452969264493,0.5385210882969241
0.3994014489978688,0.5337591667857066
0.3546731548652744,0.4747342244416404
0.3580434551354248,0.45573767591408426
0.35222086755913623,0.4659061613532347
0.3488453932624975,0.4729198261652112
0.37411761066107346,0.4788491975030781
0.387686255623342,0.4934427857248355
0.43457808925996944,0.4851733781444185
0.4209034740967297,0.47394989164495427
0.4044538432931404,0.4542137815651856
0.39051827193823085,0.45183478050980647
0.3973488455527029,0.4206865505891984
0.41106207487321944,0.42711692684197317
0.3751419262259713,0.4605705543111074
0.3789363709712179,0.4363356159690549
0.4109221511005996,0.5239258221035081
0.35577754004165196,0.47239153125812233
0.38516225889086864,0.4424272517648065
0.40442870677390463,0.4466734795789064
0.4688874240038914,0.6140639097050135
0.4545030482652714,0.6258843338064709
0.5204959735489745,0.6185419307993337
0.43786706475079823,0.5709572245596404
0.42957986944227744,0.5133259693569882
0.43977881616822134,0.5167555569561395
0.4578168589441616,0.5109460900163717
0.47481872168347006,0.5329357221045595
0.5109540058655294,0.5395262565673953
0.4533608716276193,0.49657966044655477
0.44915867347658606,0.45178076079245266
0.4705153221659618,0.4649644294027641
0.4063992003765757,0.4409215810028657
0.4216913185427478,0.4565715197184097
0.4666081301620033,0.46841156244518956
0.4030985410304409,0.43762875245534943
0.4143787322255341,0.41532563488351515
0.4425895170748446,0.41961480749431
0.41276331768602215,0.5292529270385096
0.4202759574278044,0.5638283031993421
0.4190322176719793,0.5206156892993301
0.37025525839730133,0.49773320017033373
0.41070525529680957,0.5052009568287359
0.4074770749572537,0.49153304112572727
0.38669385584396476,0.5106437627194761
0.39831782130602156,0.5312575229936395
0.4011783290233808,0.5142128710424606
0.3699013531680701,0.48280031564635334
0.38091004008636864,0.47656063623617223
0.3827956617598308,0.47895536438852604
0.4724222790947614,0.48567047957210135
0.4471057006401864,0.499298598704077
0.48345089267205915,0.4793307849968673
0.4292496343635437,0.4560589858622359
0.42860773007658176,0.4275381583858498
0.44568463338849595,0.4350696926135083
0.3794744000156054,0.45609631468868184
0.409713026434528,0.4715857028744804
0.44632940328029697,0.5107941020682633
0.37760662765797415,0.4737697030572004
0.390693791621307,0.43261999790900985
0.40549056477708967,0.4299224770193509
0.4049975181507153,0.5459755315368738
0.42120605821330726,0.5843096441682502
0.43400720932772213,0.5696637647686892
0.42726689935277257,0.553045974943218
0.4148183516676073,0.5116474095862502
0.42916217733818807,0.5180915013387699
0.4183935068401221,0.4662272598455806
0.435685343068742,0.4964433082574688
0.45742613329737486,0.505376765635716
0.4393376073413448,0.4737295422934487
0.43288873427443664,0.42587781722536017
0.456627064944253,0.44087404995749385
0.3722811678871899,0.41247003027522455
0.3936870122454398,0.4330368856790849
0.40599714480518434,0.44522223492210405
0.39812410462674785,0.43466037345948255
0.3867564057911428,0.41444514084676276
0.40587217543429194,0.4136080083925262
0.368667403723123,0.5138204585468445
0.3838578187322089,0.5486510230570547
0.36736274027449106,0.5105047209878197
0.3802503008180398,0.5049481979609691
0.3936368502428922,0.49754614519979556
0.40070798149863185,0.49995167866819257
0.35886647189968846,0.46351079648563115
0.36945716222242875,0.4882341153019466
0.37773163152386857,0.4987239396705967
0.3618511483119267,0.4635965982253788
0.37708653198588205,0.4943921880612691
0.3888577263895958,0.4987833132170871
0.41790191832866785,0.45724122343132956
0.4118728776015519,0.4745588267802667
0.43038527318253605,0.4549898273978576
0.4266475818711075,0.4551039493556602
0.40015138871323114,0.4182791656522526
0.41593365109881525,0.42258804483209217
0.34286996188317953,0.4394912350228013
0.385090347677368,0.4763935988198117
0.40333273856147284,0.5093567434793873
0.363251932057531,0.45685668041032224
0.3699356537164957,0.44712301319384795
0.38793541440406215,0.44697759983667806
0.4061462821154377,0.5402878458270695
0.40727628634952184,0.584668471906236
0.40545021746030185,0.4951644949284475
0.3576972886849633,0.4878051415184633
0.3580064899014619,0.39746223656397817
0.37709782814691756,0.3814915694664926
0.3963935393081696,0.42412833999414906
0.4112063383030228,0.44756297206493295
0.41500007145608664,0.43154264346355825
0.35776300070075095,0.38954359631193053
0.3824899385491916,0.33116679177495023
0.41450799784894377,0.32988873372303096
0.3468886492592198,0.34594501778493353
0.37436601664060964,0.3870668523044559
0.3880740832025158,0.35002629433472526
0.3172859885108932,0.3357222747372067
0.33477992463822503,0.30371528091044026
0.3600895435502819,0.29279596353946474
0.37280562204480266,0.4872774916016186
0.3861679672351773,0.5194305257505095
0.36017730037552026,0.4218378161780623
0.32163412145369885,0.4248467715246633
0.3633899824652835,0.38409731626580984
0.3815535865332762,0.3675333868809542
0.3350851564041012,0.4370013243745904
0.3534140965078386,0.4647391702618125
0.3249955782821884,0.39452354723303246
0.2833705146351471,0.3873057305935676
0.3283033549138126,0.4202497538949077
0.3492298036058976,0.4210991530921546
0.38735281395262133,0.37175821217884686
0.37760037205775776,0.3942967853862261
0.3950890476694925,0.33787183459612236
0.33873262709759794,0.3450731368965665
0.3475200742927804,0.29872930431251227
0.377965062481149,0.2773976382456837
0.35020959778879934,0.4168621496215934
0.35820158254815987,0.4227395784533785
0.3695505506732739,0.42842429630206746
0.30320075098776167,0.3579078181307467
0.3255880682657043,0.36628266420682887
0.34784061892453766,0.35824173639321033
0.4377980965719818,0.5579753886087682
0.43858701569916864,0.6007557578650493
0.4079523228558819,0.49958277768589116
0.3667198102908398,0.47198854042583765
0.3684869179865899,0.39220430047483745
0.35784888507400053,0.3736274034430335
0.451002023008171,0.47260396856714904
0.4395235723460259,0.4665943704931284
0.4332013036986924,0.43343560534592845
0.3832687000889266,0.39515714161278503
0.40393642097840143,0.3401420790658451
0.415959821495243,0.32168093237746165
0.41026358338821395,0.35897727662938983
0.42106866371648277,0.39109408357803876
0.3979886864921532,0.33650628606868566
0.3277162084767006,0.31103431455007213
0.3529415837261648,0.2881340303536749
0.368360129311825,0.262490935229531
0.42476274780737955,0.5106458257456203
0.4173934592743651,0.5165966284212236
0.3636355342898149,0.4160467596543719
0.32406529826191344,0.39315597468045843
0.37888181099160245,0.37198010457400743
0.3677639647285341,0.34559838965574197
0.36136031671418095,0.47753694667939617
0.36142500592357507,0.46719407994972995
0.3218839971991775,0.40657479230088256
0.2943876713753391,0.3740577329866744
0.33526875910918924,0.41579404574538464
0.32784918046435324,0.4036655548813548
0.4637399012439567,0.41227220368748035
0.4330030851865547,0.408498081116562
0.4065555949945323,0.3394741962557574
0.34757258534527957,0.3174211483237526
0.37165866757109145,0.2851753766501003
0.372914492327282,0.2681623099069605
0.3503769916165111,0.4182711857744503
0.3678448455614408,0.4284748546143387
0.3682305178829376,0.4240573673108511
0.30937300077033064,0.3513524732479772
0.3336929227215893,0.3438805142679164
0.34144694035719975,0.344878859995142
0.40100764104463066,0.447832482304416
0.4024496701759357,0.4759149673414339
0.41853711673633776,0.47874348542431483
0.3519626293689327,0.41995497238310026
0.36364507496686693,0.43537724920568055
0.36787642675657317,0.4063553912381114
0.3996555075562319,0.4133912885728852
0.4196282512536741,0.42581009243580775
0.45462325940641246,0.4519168866863162
0.38044004533579023,0.39474232581077645
0.39936467796047115,0.37045466976931773
0.4035028134129376,0.36580235256583693
0.3653546108428016,0.34937029126757546
0.37796512471104604,0.37566751119407527
0.4067332505189403,0.3974686947969587
0.32534275842156346,0.316588285529392
0.36567493817677776,0.3653548628668947
0.4015437232850551,0.37467852265085444
0.36537336142722676,0.437965892685261
0.37485978952705934,0.44922724279356885
0.39295256922682187,0.4533031456505574
0.3141773954670266,0.39346055089193804
0.3355149033225062,0.3728145759968277
0.3346889335416511,0.33046419142049205
0.3290222680381522,0.43241909723884403
0.3542052391143559,0.4422447042979433
0.34437278131380444,0.4251690676362075
0.2819346320449617,0.37634048638619977
0.3356483944933909,0.4329682012088987
0.3540949646161276,0.4340932992725142
0.37494771994323783,0.39228604999818306
0.38950580024968623,0.4206924537922864
0.38268396583661635,0.36519222435023624
0.3205861282073605,0.3432616300434188
0.3452474284580287,0.2982331368148507
0.35043258343615236,0.28951489830812394
0.31828744005545867,0.33083095265867196
0.343795373916306,0.3682035660162033
0.3895550534489908,0.42847257282557966
0.2870014343536371,0.32578965835030393
0.32024194615256896,0.3595171344688371
0.33738873417706916,0.3487050541282881
0.4078753261305186,0.558889169865245
0.4179564246433451,0.5917684953770036
0.3994735377943588,0.5617916673768171
0.39221595842179047,0.5609852647908695
0.3778538167449822,0.5209578542731591
0.40213520503184885,0.5208311015677072
0.43035910057440274,0.44432531282337695
0.44475136978996693,0.4689706912925305
0.4649127532255372,0.47590760277168404
0.42872102527002665,0.45895572170948656
0.4158506443775574,0.4492696261137363
0.44367387323208685,0.4663129659088637
0.4070415555900936,0.4280684738757125
0.4224099021677564,0.4699437148623536
0.42292997628210643,0.47066685102953604
0.39606333701159613,0.43298729542511416
0.4068088209419576,0.43734236360461143
0.4391239026379596,0.4447253526899919
0.3973699033429962,0.5268631033457357
0.4072879228523928,0.5324967435870198
0.39914476292415413,0.48077265666457547
0.35973871891161074,0.47805425867479145
0.377825755057475,0.47182234974722786
0.39366950477008666,0.4659385458899344
0.35259507929349043,0.4598680807931897
0.36671112548350693,0.49188668341051495
0.3509902942251602,0.4841305713398949
0.34181414044620284,0.4683631737452946
0.34683962570815885,0.4693357508419619
0.3594799677127555,0.4876852362363979
0.3986867914689528,0.4515125766186067
0.4114547939403137,0.4880907909383124
0.388487761075497,0.4311259378214237
0.37457693867463543,0.42099455164234867
0.37273877870265437,0.42010719499859694
0.37901327104068305,0.43299533388486666
0.3680238048978597,0.47420006333125386
0.3916471488199782,0.4859810931558792
0.4025797789643399,0.49887019404251115
0.3441405797768319,0.4779365692729508
0.3376969373843847,0.4468649977134121
0.3633414800839394,0.4544898326777671
0.519065190474195,0.5036685898015381
0.5321417824263835,0.5378800159542422
0.5759339578415735,0.536711848227504
0.5248606909518376,0.5095110992515817
0.4563252275418736,0.4387902286930971
0.4758835846017141,0.44544902968823386
0.5442567557345678,0.4948600575993286
0.5760249010216716,0.5051964159479264
0.5879411313072764,0.5088806280421996
0.5341322987453366,0.47437719191478767
0.5016511298795192,0.4444557047290974
0.5428117710313638,0.4440642394044328
0.42121817892017444,0.3696876072096977
0.4427241228620493,0.375884541084052
0.48055371261841306,0.39553282784776184
0.42478137560620766,0.3501502723089317
0.42196533018592397,0.3374779112660956
0.4465077841745207,0.3412792688890489
0.49842262854530284,0.43265072459229525
0.517919868476686,0.4466010899445363
0.49003346600496434,0.4197849903110027
0.44473861404182197,0.3853901558293543
0.43779852515626416,0.40691473903915604
0.46940020669194055,0.4042985196493726
0.37767412811048,0.4281527951234567
0.39443736599532864,0.45035371858533174
0.45000772878919165,0.4358669507716385
0.3778295047728564,0.4336546382846927
0.38839291814815213,0.4269004229755167
0.44014680409315526,0.43182757466775246
0.48888167478897143,0.5189884678477684
0.5153197746657948,0.514886004960279
0.5111897496903185,0.4580500885010287
0.45899114135287983,0.3995314678159901
0.45597273559805224,0.3966726855882445
0.49452658556635604,0.40987603972446496
0.48341608990444435,0.3781334467887258
0.5058630875806587,0.3629919643113274
0.5600879389263537,0.4409252512882341
0.4551296385148396,0.35854911300647935
0.4003540322499476,0.3459964089656174
0.45299718916160797,0.3532334251401739
0.5440888435401434,0.5379042151934098
0.5117350761143469,0.5194497038341758
0.5639404444451486,0.5367888354193249
0.5271326445313231,0.5251252097036546
0.4582265710090164,0.4498558074835246
0.46934932038317356,0.4517994045179329
0.5811069574347746,0.5221057305117949
0.5214966473038608,0.5034422666805529
0.6007627439607368,0.5354645547575209
0.5491991136770419,0.5018949732018726
0.4892904075493341,0.4425411379290888
0.5284118847128677,0.4430474732742812
0.44781607929890255,0.3787978074238254
0.4408807951273687,0.4030249829392889
0.47065967449394264,0.40839920209333486
0.41704665650643713,0.37013534290993977
0.4159793571528233,0.3536250888044098
0.4375559439698663,0.36059016914568587
0.5448905429959772,0.4615891990333824
0.4725285849819271,0.44144840578414346
0.5250813185833204,0.453544846050716
0.4653689529744815,0.40990750407173815
0.4465428692047677,0.42095569995349685
0.471513234753992,0.4155055803801654
0.4171041620830114,0.45226608699620297
0.36740957175326244,0.43819362460944866
0.43834909060736843,0.4366012601717006
0.3847416121876762,0.4483221970195093
0.3844764922698267,0.42346687301824
0.434615623685702,0.4346541732908789
0.5260961973740864,0.528885200525493
0.4935620579177033,0.503225221679791
0.4996009856958588,0.44827598713654615
0.48012766347561087,0.4261461115414168
0.45227314578447475,0.40347862043579047
0.4745200335144893,0.40469687284141675
0.516275231169932,0.38302562773625953
0.44977821048396927,0.36580274590770384
0.5654138961761027,0.4497321239562707
0.4694891048709922,0.3594769856386197
0.4000683207513229,0.34559194334047505
0.45355618593948716,0.3577719755541363
0.5999951401916699,0.5569743819005257
0.5875006557200253,0.5826141383177154
0.6188999007833474,0.5617719843236317
0.5469010580375704,0.5173726806421239
0.45394386900408745,0.44416484435536074
0.4823228277642062,0.4330915876072326
0.6337490458672222,0.4839765814892596
0.6393624174926121,0.5244476157141722
0.628474460909372,0.5301507581590451
0.552003525771373,0.4896419652232374
0.4844212959422812,0.45131557348514734
0.5378881516178676,0.4407511020306514
0.4633389547717185,0.365097723280734
0.4941503926317742,0.39982530884034373
0.5165666735420698,0.42816508071127124
0.4408433569110965,0.3632584191897649
0.4324447037648389,0.3364157696969365
0.45802269768743853,0.3423570200161197
0.5403217613808426,0.41746466870998544
0.564598693328786,0.4765823789027561
0.5142391439316476,0.4409971945619955
0.4415704678034762,0.39286416018003895
0.4078591979617107,0.4074894946105964
0.4351283511098621,0.3848725333942233
0.49416749885245786,0.4641825014379722
0.4903226268264331,0.49089663912828235
0.4817630392385079,0.47561818515324283
0.4083087145717171,0.44696167683125343
0.37951743068025706,0.424780054510051
0.4414560203236591,0.42132999216013184
0.5542019270948496,0.4815232887500402
0.5549401485437898,0.48921820324959603
0.5311305068414838,0.4589159102564394
0.4645957216072578,0.4055503302574287
0.4417981815008282,0.38567770329956513
0.4818520211492365,0.3920379145567387
0.5054233493621808,0.37847544660710136
0.5160625924757074,0.38078583682048406
0.5641686658055787,0.45324261311319536
0.48591190520073196,0.38909933363517113
0.39116762893157025,0.3559827264195651
0.4642869807038011,0.3567612946235175
0.4798558243567079,0.482459057141007
0.4900792971725118,0.514725569722399
0.49697558573422035,0.5042155326903066
0.44019594827933684,0.49019309757935486
0.40466415313771975,0.4185696612121924
0.42993885414764066,0.42748583909111465
0.5145047667019413,0.44486557962769196
0.5455965628000704,0.4641548000205973
0.5153436057177174,0.47298947266918157
0.4640836340217623,0.4632472516418869
0.44839563702067503,0.4119788286801905
0.47918307269680827,0.4207831835522309
0.40219360050372027,0.3382620169681416
0.42189829037717286,0.3611119633995419
0.43519082644155027,0.37282001316596614
0.3890290381120136,0.360125152816849
0.38539414411618744,0.31889648362017886
0.4089371348638283,0.3201041271737547
0.4367080335002433,0.38623358073193986
0.4724331205445285,0.4261860607849744
0.4090084500519848,0.3810982162254121
0.3795652808404951,0.39034766084998307
0.35781037995655396,0.36688129815905096
0.39183252249983797,0.37441315719419266
0.34639654983378904,0.41869941603844246
0.3759573201469751,0.44109066070370145
0.39825758954772045,0.44261104739961854
0.32677464783014104,0.4277515743810193
0.3566031993360764,0.4128983839198503
0.3829284913934218,0.4242218246152382
0.44611705966337756,0.4269534899829711
0.4723487082114849,0.44213683316763663
0.4420132423741715,0.3940388650913816
0.4112133765048938,0.40716553240020636
0.40201401636601103,0.37147671575512436
0.4293952632692299,0.36974087735693095
0.42070915951811777,0.3368545649345821
0.45869498530448755,0.3516908121591326
0.48694376070201156,0.42055822842897966
0.3810671675390812,0.36451615811622273
0.36017251924252286,0.346058891718262
0.4085850407469418,0.3556359459038543
0.43319747321299423,0.47580249237551714
0.4859239648224637,0.5254451180070924
0.31766689620302224,0.404120511838195
0.2721315400691324,0.419434232400196
0.21334488848238142,0.2682234416797416
0.23484185006561584,0.2608255553282474
0.3789902410749247,0.3556161040741918
0.40433897474121766,0.4009190475693298
0.26685391790682483,0.3359319812314037
0.2124021782732815,0.328821235160959
0.17519600576047356,0.20590654734974229
0.18130439829840955,0.21099617927582134
0.24767895598076256,0.2435588063378078
0.31651948586034206,0.290330071686645
0.21464332850028756,0.2344322822784567
0.15965144253030839,0.22748541711003006
0.1607671219162332,0.12872278801198617
0.1767566372209653,0.13002940205230984
0.38211834726890825,0.3668780947475424
0.4146770850741322,0.4249267309518039
0.21296210543927846,0.2969330570095334
0.1847537609477678,0.31609914625561353
0.17044818282138335,0.2316618255602536
0.18818679406691194,0.23024668275642804
0.28027324026120126,0.3793783877447013
0.31776522217143677,0.41748651495874584
0.16918934347133788,0.32210109465875075
0.14059275991898776,0.3384113049115912
0.15070196668931982,0.27720822758867164
0.16922888725571564,0.29771085343310133
0.3147186685546092,0.3141633665095561
0.34401389200749394,0.35227343020535373
0.18887196715994137,0.23920803514447503
0.17168042506194378,0.25780856843155636
0.1608335539590046,0.1644154445989435
0.16655870697365127,0.15576465968861933
0.31211603205694455,0.3165876920651724
0.35723525294411906,0.3199353323828897
0.26086032244687735,0.3134412755358063
0.18864425399646065,0.2847474571264628
0.16417664197722168,0.23650355331948392
0.18185748176806535,0.22669755931565067
0.4807699925555855,0.49192508093342907
0.49681152678321044,0.52370695899125
0.30441346100720873,0.3903317002401069
0.2902465437816592,0.3876551607904546
0.23479628693507287,0.27103312087081605
0.20699528541132725,0.23295689667472685
0.4453576028160204,0.41707684307898374
0.4446551111379711,0.41160555403946936
0.275378123350428,0.3472052541563543
0.22982996619592527,0.3259032072338549
0.1892373942030654,0.23355656987689713
0.18321959854818234,0.1852195292577243
0.32269612460011626,0.2676709571279464
0.3515427229335636,0.31021110642851724
0.212654610868371,0.2297809326125714
0.1588362521842206,0.1963069640175349
0.16699980551297927,0.13126876087477013
0.173770576690844,0.10898228246583683
0.429858639053217,0.41880669603118126
0.43550074914390813,0.428233140065817
0.23069214452037728,0.29956078040878603
0.18081368861582853,0.27450214205462814
0.19121084327534948,0.24539092954832684
0.18975977497912438,0.20564088995561403
0.3504484484890863,0.4246914942234882
0.3376712020086383,0.4092543181456797
0.19432292972197993,0.34124913095264825
0.16687258056068022,0.313826485099127
0.16326963751958382,0.2915011654334376
0.16084918435506515,0.28133708001924057
0.3794005399083502,0.36534683375433064
0.3703412072105082,0.37508161424207637
0.20208546240633687,0.25945645182008614
0.16837824742999852,0.22275374837064418
0.1647461539554642,0.1675315572332922
0.1646549705901522,0.14946404518304685
0.354108497871499,0.32305606716874335
0.3783590175252666,0.3228858907556273
0.2862604016262958,0.3370870938067349
0.21114179331265803,0.2580589597332222
0.16433825350343126,0.21257510273238348
0.17551798677210756,0.2135257812556209
0.3906972993371551,0.39432327934976835
0.41870227712513824,0.42444706837908996
0.3591367310402343,0.40091819624644814
0.2574009792205101,0.34133527712137623
0.29333639158901037,0.3224496351856856
0.2936539335704495,0.2907046153777101
0.4455623635809697,0.3819610142905083
0.47633253954691257,0.3832622581710696
0.41469294772398685,0.3792683068745062
0.30648813403554553,0.3306928316274681
0.30283743166672267,0.30284621786260496
0.3275505679345724,0.28203427084565835
0.3092100175573522,0.29515149247842387
0.3579378852978273,0.3068345056974793
0.3186677917544337,0.3399945415644817
0.18833216898973054,0.2411077803311617
0.2821980521622965,0.2630677309446734
0.3333405660859343,0.2560025555255118
0.40627011759044424,0.3513149337226362
0.44553594166446847,0.3709086036638281
0.4009987582182332,0.3483214346605898
0.2545850694705901,0.2837919447841582
0.2639981995172704,0.2740584467645977
0.27489258631383584,0.22975604208456518
0.32669985451411077,0.3949142297970871
0.35127930959408027,0.4014004276937164
0.2719379847216195,0.36311922207552627
0.1799659132049377,0.31347176303603946
0.2331232974802076,0.3268772863701163
0.2672050250632951,0.31840884017471793
0.3773906367110536,0.3518239321964842
0.4281960110229279,0.3931517770659257
0.3401330597155801,0.316652791579698
0.246408611878153,0.283146890958809
0.24186356413619625,0.22677365934879287
0.2482176479105095,0.20954327689344784
0.2689701309414469,0.25913507375705375
0.3579755630004771,0.29418560588084647
0.3502003532083322,0.3348812659789928
0.1807953818029512,0.2370175984724798
0.22172300024695213,0.2534157873596667
0.25189184725379793,0.24022738166927363
0.45774952637110466,0.4731451534761301
0.4897497044068091,0.509932476436059
0.4470188969381634,0.4685587997008582
0.44022345406403607,0.4607279796089305
0.4114034776893681,0.41480639006030007
0.41942119475649686,0.4171398463252338
0.5283336239787442,0.45173899218081826
0.5623622328761007,0.4781234372382035
0.5491495953429215,0.46011898514527
0.5238044919661541,0.4529926890776891
0.5101645646856835,0.4465293178704804
0.5259512021937193,0.45040010708627465
0.43720712258089933,0.3677353631635475
0.4764417613403174,0.4168701465190868
0.4535347105681389,0.40815558441682614
0.41330088019224714,0.3609848670654134
0.43790429138262116,0.34993398821926003
0.45529522125957417,0.3606761544995454
0.4698230588749215,0.41890723952853404
0.5295568172418609,0.4568469725575921
0.4545033019616246,0.3868065731883788
0.4259900575046327,0.3824804756899467
0.41689389985931663,0.3768350290669796
0.43049652748208705,0.36329009280350444
0.3873548596148671,0.4358445254814897
0.42186160365532677,0.470481045565911
0.4068714208600257,0.4493335521281888
0.3671412709478631,0.43353541003026386
0.379619646015478,0.414714223433263
0.41126093013718695,0.43211842517288
0.4595771331050219,0.4114938243668567
0.4988303655132575,0.44018087856857496
0.4430274805915594,0.3835833298309545
0.42245954496677485,0.36776738735690984
0.42262344121371603,0.37915072032271396
0.4390719028841956,0.3868425524974068
0.42910891189339917,0.350207263235279
0.4528242724183206,0.3809789869142002
0.4590168399572278,0.3828940102859301
0.4041818243392892,0.33814156413979196
0.3617961803200492,0.3201938565078014
0.39047379930587106,0.3399237399283361
0.502022578120227,0.4835731910058301
0.5361350164753891,0.511084263054557
0.5052198595585108,0.5204979701086393
0.5024821708844578,0.5068598332261425
0.44039502404053016,0.4366990262975416
0.4503340348857175,0.4461259424076396
0.5354881809909129,0.5222275580906872
0.5449414409763528,0.5288082981370753
0.5504793048053462,0.5619911812851465
0.5359044268150298,0.4975327104066506
0.49472152610005293,0.4715544255987668
0.5070193977621159,0.4757929231605351
0.37399432993567844,0.37072377366825204
0.39600014773810244,0.3785210624495565
0.39759225832981027,0.4172625084570958
0.3941703993773672,0.3729334018343968
0.3922039515296126,0.3781894304937797
0.38740932046150756,0.39521385826865796
0.5033409982548279,0.43819831983548413
0.5291608332562181,0.45155427994898817
0.48620641268416004,0.4455456775317645
0.4834387347623981,0.4033599870505263
0.4913193652999706,0.40421013564766495
0.48849921781790345,0.40258669902351213
0.35474491197982216,0.41982060307217917
0.38152501784968357,0.45071608236791166
0.3633627739841157,0.44291091019725476
0.391145467329459,0.4363240571000783
0.38857542966430214,0.44998371408350835
0.391378603642138,0.459585680541917
0.4732603732323066,0.5121144418818193
0.4798000935652723,0.5073822765192714
0.4206273203605404,0.444043856661808
0.44696431883909854,0.41249807334691746
0.42441819542558584,0.40548920782814357
0.4261012729145097,0.42047083168557303
0.4711801228480337,0.3937995089662059
0.48025225273748984,0.38815970710162273
0.5021989924106641,0.5020242902863132
0.47857449381909123,0.3951705615608124
0.4469346231524203,0.37511618569113914
0.4576411710116084,0.39105925140803277
0.5252689661400312,0.5206736592593276
0.506893050290492,0.4954181507435677
0.5040696674172699,0.5131807997313028
0.4909090290918041,0.5187878508197599
0.43310806449452943,0.44113053699599925
0.44912866214307134,0.4457783137351244
0.5606474534483983,0.5496496534663448
0.5288038894213427,0.5181273176956306
0.5613374112609203,0.5813933553241986
0.547146068972385,0.5218586829956203
0.4969062010810415,0.4744092641703414
0.5020397255862206,0.4847999044389204
0.3947758722771902,0.38537675212839684
0.4032669693532992,0.3998133068815756
0.39575699317641133,0.4153722995991743
0.3894722578330033,0.3791119217185436
0.38852875737157166,0.3952884100667656
0.38635285797360963,0.39594851879366233
0.5227653942399404,0.4634184654273117
0.49597767784436936,0.43617417944378184
0.49843898810167464,0.46716445860320743
0.48665643976979706,0.4205479015059567
0.49525016725570425,0.4217240459754218
0.49603842312432583,0.4127952662284373
0.37761122262936536,0.454710118865917
0.369949540248433,0.43261255386833397
0.35704229406787397,0.4351428557242722
0.38380145932058735,0.44073033433581943
0.3799151449686747,0.4403736210113081
0.3939814089102811,0.45338887242612624
0.47813049778993755,0.5248869540115795
0.4633208852390103,0.4892510380945041
0.4164108742430682,0.4417306698302428
0.45509251823314106,0.4310303947476467
0.41070648000924853,0.4176143498540306
0.40732069939283194,0.40779406615765834
0.48517535530046035,0.4100117228863149
0.4631297472261258,0.38997777418948093
0.50633534403006,0.4981321279910399
0.4740067170719328,0.40854670768067963
0.43999440113338756,0.37545818814794646
0.452741647694449,0.38612487093224557
0.5725680700902819,0.5539654810566893
0.5745701126617897,0.5582621032510071
0.591942751314858,0.5415633866900184
0.5312663161795883,0.4947994238352318
0.45158756870441025,0.42064286867223405
0.46255142439607866,0.4251636086104874
0.5745089488738881,0.5442877701550077
0.5654174460688478,0.5497371085196275
0.6198408584943059,0.5639411541767843
0.5677378376039357,0.49862233296455827
0.514732724162302,0.459110197606872
0.5214298488398462,0.46118984885939374
0.40067657913067145,0.37724388120487307
0.41656568486347323,0.38782918560800894
0.4554718665190063,0.42542257138102846
0.41098950223183395,0.3643016188978127
0.3893274357108901,0.35927571595372954
0.38685996222040886,0.35713444423793583
0.5163541840617674,0.4554539482254298
0.5499160842882859,0.4936603604457285
0.5296862742009572,0.4605919695062733
0.49294172987446344,0.40174677633627554
0.4843639271560979,0.3900677510278471
0.4791969453323545,0.37950586219209226
0.42273088673940273,0.47401719913861445
0.4374682169363471,0.49506633311188486
0.43895405603761917,0.4575431363277196
0.4188909517205634,0.4261889402819187
0.39970885313941623,0.42207884993804823
0.4021777865010071,0.4226632069561303
0.47419680981665907,0.5030081773997053
0.47878682936985306,0.48892214270327433
0.47882864973779327,0.4627796369359711
0.4622262489663119,0.4113827452469822
0.4299536761768694,0.3875067510379972
0.4340373857270651,0.40263369744514116
0.47377908848166067,0.40739630815652533
0.48585533746020804,0.4218549301877249
0.5213552197981899,0.4803041608139996
0.4856402364720931,0.4106096561359994
0.4448321785261888,0.3651791038273566
0.4481804306415622,0.37248046766987103
0.4902867379948211,0.48398900434914427
0.5208140850506271,0.5121005226738788
0.5043502710546773,0.4820120998977856
0.49756273131140266,0.4817805265429432
0.43231288316964217,0.4230417876959972
0.4414360919568376,0.42221498613584896
0.5107704149685776,0.48882822123717795
0.5264119248942515,0.509541366595581
0.5523530585092415,0.5135536913547054
0.5290238066641381,0.4822300553633431
0.4931133428429932,0.4409912832325929
0.49499395837966836,0.44416793880352207
0.3852531726133931,0.3630363707934833
0.4037045230247294,0.37614854372337436
0.4084440222393768,0.3912452757847898
0.4017209384574675,0.3708825431644769
0.3737246320588968,0.35130211014154245
0.37459190805009374,0.35681803212766017
0.4794837393669083,0.4231702448142583
0.5064630403388164,0.46820506637409776
0.4762247679762771,0.4057546874616464
0.47138138655476813,0.41476659480986594
0.47138795073059236,0.37681622824457867
0.4715394921666456,0.38155264580806597
0.374305585956371,0.4248498621787962
0.4008550494489872,0.4409030219978555
0.4090950016956909,0.4274907347067952
0.3863209781861054,0.40777698892852016
0.39209000870374144,0.4204196142303986
0.3985490282839633,0.4265811054073471
0.45502639971234904,0.44251843071447944
0.47092858616611827,0.45442282842975906
0.44598324356774594,0.403814827179678
0.44631772971893824,0.42044990790646936
0.4053879271229781,0.38268847660132044
0.40610772205622647,0.37398245609434466
0.4609353620899747,0.3662863472160973
0.4896917546170849,0.398148975394981
0.5067080606755945,0.45438939887838625
0.474585545879678,0.38918409226720596
0.4461798217998523,0.3659591212157568
0.4449998768687834,0.37452200338271735
0.44013757165365347,0.4457578985133991
0.4903903009497348,0.5027984403866363
0.36893194855197353,0.34284252454397596
0.3865677697681447,0.36105686300701
0.2744541454911449,0.25071537928872967
0.2747723588876492,0.23252091368610603
0.39733978432978273,0.38698928756355444
0.4252151622238414,0.43300632580953163
0.37978159412218526,0.35771759795926733
0.365239070789743,0.3209707039912871
0.3041827921367341,0.23996616041693578
0.3098463491103665,0.23522745556953475
0.2814537321291938,0.23038745208487343
0.3426527826600505,0.2974625473548085
0.2616202581938282,0.2026889500133709
0.27133256839692044,0.18141381030920295
0.1986059052397969,0.13636035271272956
0.2153225942959654,0.1330727358692483
0.4401907464563802,0.37266530998000885
0.4613046806765146,0.425965128966836
0.3569626390520624,0.29467672619720725
0.37534349081848634,0.2908914177532261
0.3155073273155601,0.22923242011980532
0.33234974404984885,0.21509996488391733
0.29779760450773185,0.3561729938420969
0.3420714956907389,0.3920252281203705
0.25668021827679555,0.2644091071861764
0.26052220316044195,0.2666462217107181
0.23244363326608872,0.24898592332521657
0.24691308527517097,0.25136724537971916
0.3486992750501271,0.3173174282570391
0.35428809775952697,0.3429993070204604
0.28482638126946647,0.21988724577470734
0.2939798818908915,0.23315087539601387
0.2275248168503218,0.1697679052723202
0.22938165057921667,0.14793268009679855
0.36466642587570164,0.31531328506977735
0.38829128654929906,0.358199970633558
0.3509524528200355,0.32932708742100303
0.3134981706202086,0.27226624272449046
0.2953353554678951,0.22541731498167603
0.2910675220043628,0.21760761109391186
0.474057050275679,0.4806483192956897
0.4924766428888827,0.5194853268528257
0.3823732870800845,0.3521635335911783
0.3825510703916435,0.3478826626198524
0.24727768165316646,0.23684049238561997
0.22053147658180855,0.21294495358560386
0.4288516408426099,0.4466482643971345
0.43834497892970503,0.4500824452902126
0.39180723637586834,0.37113508570925674
0.37085659624087386,0.32567967831960865
0.2889221175877865,0.25471131071050607
0.24444916240294526,0.21882984980843886
0.2857964449352467,0.27335892535323203
0.3189030464754522,0.2993585681289458
0.2506752549949521,0.2147565066969222
0.24976148596934328,0.1721026804663775
0.19242265918145762,0.13790147222320234
0.1594671692908016,0.12123659108230654
0.4530685463972759,0.41292369582437444
0.47733566439220576,0.42953170411830965
0.36987945611827366,0.31811100100963496
0.35200694715266023,0.2698118080827731
0.3142121560191088,0.23364830261393651
0.2862485629592881,0.2069723425095493
0.3017161410380096,0.4047386828923074
0.309288783014249,0.4058022734845125
0.25206065778246584,0.2953948317346294
0.2440157364482748,0.26579376688268136
0.21070593744358163,0.25237198114614995
0.1959454982678725,0.22836998100410985
0.3533314498250278,0.385223665465321
0.3450000216650616,0.37011655208110755
0.2792727962510058,0.23833039803742312
0.2688996181422107,0.2115803363319012
0.211349409244816,0.16719384381643196
0.1880490412569668,0.1598473225589003
0.3523086871063623,0.3485228378102183
0.38564072651156756,0.368375805245432
0.3567948558309394,0.35736955141019255
0.3028898683263316,0.27428696223816385
0.24711696243201017,0.19884021707830377
0.2509154597601045,0.2155768070181089
0.4252766732492568,0.384004055456533
0.4342867060928625,0.4079058601786504
0.4419270385853425,0.37333132024758664
0.40467716884751764,0.3152382153966182
0.3516160711988879,0.3447669092796719
0.3279223221555952,0.3315499367111964
0.4494625272668402,0.41918499547218685
0.47571652902822836,0.4297335715273284
0.49031795275462803,0.40377160001328216
0.4400976637247509,0.33507880914491
0.407885487983052,0.35499658369121356
0.38559339716731367,0.35368832615713036
0.2754428413138429,0.31675502461414684
0.3056630318579773,0.3249055595797532
0.3250042687451275,0.30038116895488987
0.27839307658657986,0.21104093480575914
0.31230833803579783,0.33217969469896974
0.31641365176529945,0.3395439780226033
0.4545564844165177,0.39440421252318764
0.48764780957670223,0.4097676998054882
0.4665057486721973,0.3671806543279563
0.41050642502269324,0.29125061711177425
0.37169023855337513,0.31317151174587254
0.35343835730938916,0.28906908659223673
0.3309245856852216,0.381660583996084
0.35029725476912643,0.4153105273546395
0.3351015578962825,0.3334295318392375
0.2887515019676545,0.27950808864521515
0.30215437095450354,0.3456030587707311
0.31092470852105114,0.35885614944325217
0.36180462705209815,0.36710004948394764
0.4057200610644719,0.3933859533134499
0.35245463294795404,0.31263027867235776
0.3347468267422455,0.27354649140025417
0.27512255042393463,0.2727954751412789
0.26747291442890075,0.2849974254517837
0.34358965987110923,0.29548410146471293
0.37619774689369095,0.3275362841314974
0.40788311858961873,0.3302340552059185
0.3387419565635999,0.22506777719938315
0.34789639129992833,0.28996244051903886
0.3415872393895207,0.2959446642110566
0.5107836895602865,0.48913762114664355
0.5465227408214552,0.5163608320521025
0.48218310871750797,0.47469094522958744
0.4845703879260763,0.48112353000410846
0.4160782373684375,0.42318040802511186
0.4297486542750559,0.43210977384875043
0.5396544635591881,0.5422609894109223
0.5713036292599054,0.5740323912543618
0.5508946117386223,0.5417278610500329
0.5510705813325241,0.5354836056740238
0.5341641514696132,0.5041850258003675
0.5373102942016265,0.5098696556690463
0.39921254536213735,0.39950847014003155
0.44657073903763594,0.44133953888459715
0.4356132826681913,0.4408567545089964
0.4046057245874891,0.4044687494279001
0.4078820848978646,0.38786243041646246
0.41792828864335696,0.3997967075110983
0.5300781753381852,0.4657904139349048
0.558286882852291,0.5063138205089952
0.5020306475893564,0.43047914431998874
0.4954395953403746,0.43410054048912405
0.45762570164261934,0.4064674579070734
0.47010084300520855,0.3994167348420817
0.37457307900990855,0.4461479670148423
0.42091070798029884,0.48427961531588426
0.38762885733082364,0.4598387484604867
0.3970853115886658,0.4553281779901456
0.37436818351864953,0.42559727722624185
0.3810590274232722,0.4425488458649721
0.4539980062845983,0.44877572750960354
0.4755009141176797,0.45919719135346876
0.4404687839262067,0.40920229832610844
0.4202621724844782,0.4066940358043569
0.40709987514060775,0.4059935157770596
0.42263832918091004,0.4127612287893367
0.45480613615620386,0.40209687322153054
0.5115820363719243,0.43681016300611114
0.4771347815174196,0.4288660389967751
0.4647411986855301,0.40333159058240997
0.4175434525649826,0.3472452261310529
0.43663279412940537,0.36677231332683047
0.4612984720775138,0.41938933701034226
0.47322046902963855,0.4385543651761332
0.4544367560011606,0.4131408880951321
0.46205438782508074,0.4089050658060589
0.42593727456681496,0.38253027993889976
0.41537205919206366,0.4065023344525946
0.4756469975929565,0.4419393199852381
0.4871657924072657,0.44125555618635165
0.4619291668757662,0.47449138537929275
0.4456835299632091,0.4461707113861958
0.4074158327004778,0.3951337574197851
0.4168493555012028,0.43634347802188217
0.37595438854741803,0.3595968232536595
0.3843798343336985,0.37481960620366706
0.39277857183841636,0.3657486265097304
0.37047237344083994,0.3439883455022227
0.35070843619995196,0.36410022149739474
0.36037164404336486,0.3594446968168491
0.4310163293153228,0.46595627734108935
0.4553644681137774,0.499445173264026
0.41051248011572244,0.5044192911452802
0.3861753763755645,0.4457716843169822
0.3778971506760948,0.47024011147495526
0.3859004390342862,0.4794839676263975
0.33471088735477733,0.35648901323737164
0.35987579191781516,0.3766917810094304
0.35036031714631305,0.3651933461971507
0.32554675712131304,0.35725038293747824
0.33804648768779894,0.3794707283554814
0.35252996483364163,0.3977452035643885
0.42658592036213816,0.4730241973426081
0.4396302575115629,0.4691024852497646
0.40292394017202227,0.4321726821840429
0.3767361978575679,0.43470243422659166
0.33623697689392085,0.4457849529582598
0.3512006788211319,0.4452326235537743
0.3690984454784218,0.44941309276487895
0.36875252211764636,0.46090035748426517
0.43596965532593535,0.5123718831418497
0.34631399718226286,0.4579959691306173
0.2926060399608837,0.42565254933060637
0.3262410709012642,0.43356202172435127
0.48525309618696916,0.43851595048153974
0.44462183404665806,0.41867861171434
0.46089678168312004,0.40570180497595953
0.45829567219259976,0.39605432049911216
0.4342750580787828,0.36764395223577456
0.4249877870628441,0.39341163620341835
0.49697963688412816,0.45018620120047875
0.4428979924325922,0.44107501711628244
0.46951196948245544,0.4840591358571102
0.44682847793803404,0.43696169951458264
0.4013363770564434,0.3887726497384876
0.4093157181128677,0.4247792036417134
0.3816030831440684,0.37203147190995056
0.3759891464818149,0.3630188633144564
0.3898211609611838,0.3755122140910687
0.35904357047998153,0.3470464073679711
0.34490393792948243,0.35194872559111834
0.35614424648250687,0.36067883961123226
0.47003189792612465,0.49265827227709136
0.4091573079462808,0.46145601826243027
0.43151046574825663,0.5092106149143545
0.39713899254318796,0.45445537813763204
0.38975379427607143,0.4733870434998664
0.39021839775815703,0.49474922656588
0.36939584149158566,0.3812523071062087
0.31250601512079396,0.3766908118534488
0.34554529076464374,0.36873886762414443
0.33277750949262486,0.35188527485744336
0.3411068019114553,0.36551101367939354
0.3536394890885421,0.4012510456458581
0.45299860173710355,0.4776846183897358
0.41663314795899,0.4573938602743334
0.39274520770219196,0.43106065260901916
0.3832436177270572,0.4307736146496118
0.341223816840537,0.43059463450420726
0.3482664272332662,0.438357294176048
0.3721679308915184,0.4531485117295497
0.334435948297058,0.43967118341039807
0.4368946824473397,0.49714943626855573
0.3524846260983806,0.4457020187289487
0.2975933994477565,0.40958088747504173
0.3304719231673616,0.4268321210874212
0.4957298584215868,0.466308954952185
0.49738792715613517,0.4767212020501768
0.4769171355176425,0.484441014581418
0.4384886400103873,0.4237576868912717
0.40704317044951294,0.3939136705679991
0.4099963943644208,0.40194589772195327
0.48193467594146444,0.45982245974112385
0.4770942890877775,0.4818810635376562
0.45700313182864666,0.5182041131225956
0.42398919017969244,0.4554755116253263
0.403373769008517,0.41177749580988604
0.4158417944089756,0.43451175046164753
0.37497770875403275,0.37342396608102163
0.3898048568066562,0.38048635489314553
0.3869002749525666,0.37278183270219367
0.35817143029117315,0.34270163330682557
0.3412518203345285,0.3495196517213627
0.3498411654061811,0.3415029052498592
0.4459356618065348,0.47003902885685694
0.45622894123663915,0.5260140537091232
0.39777701898293,0.5018656615479133
0.36317329557529043,0.4410213346681492
0.37065057954055536,0.46715528873600687
0.3677768559444856,0.45079607007739536
0.3900263606801834,0.40713893382856414
0.4002103399024464,0.4270837119086496
0.3521096442536208,0.4353687137302874
0.33415423663655797,0.38131561793317853
0.33498447066134607,0.37687266671747016
0.3417604128320548,0.39154158099564457
0.44418721766134617,0.4744251740778757
0.43193566598418975,0.4646758401459562
0.41433805167376997,0.4772900342191672
0.3743079854986008,0.4559783704357961
0.33872793530816714,0.4465065177824337
0.35786415029037594,0.4443390922535244
0.3795016559252544,0.43654980553245654
0.39376030433171105,0.4508604693401355
0.4107254303934746,0.49003783715922444
0.360441917053689,0.4423683515888969
0.3041827290822163,0.40401032825603966
0.33709315632487,0.4066208051325742
0.4582861886028052,0.38826196190191065
0.47695284785612035,0.40911312534885735
0.4448498395094502,0.41119281497823923
0.4379363844481215,0.3951742408885006
0.4068709872014689,0.36420271327874554
0.4090987802605958,0.376732749691956
0.441931182008522,0.4149019125453674
0.4412489344640632,0.4312701663671936
0.42814154622699085,0.46507087461821833
0.41036397587046536,0.43312355092584337
0.3944741079841712,0.38478975926142145
0.3976008231991384,0.4029329122911603
0.36755115834282137,0.35108597953309617
0.3741217653070469,0.3611498324713279
0.3784862663132822,0.3517135673430908
0.35639609890280294,0.34295299274763247
0.33057248033293907,0.3351640186460908
0.3387156485787137,0.33747323238325433
0.4053841408871861,0.4475034303032225
0.42186139158068875,0.4803044554675217
0.37448280246131394,0.45928495960769494
0.3660699445372777,0.43601082667428853
0.3657401216233784,0.43834384351516165
0.37281237675293133,0.44787488270653597
0.3344826234498386,0.3439307715432648
0.34787814495666053,0.35442633682229885
0.34654331962270185,0.37602541636197406
0.3147689857742358,0.3625587422205315
0.3430286538877437,0.35506477349437554
0.345177027180256,0.3638122946600501
0.39080610646259173,0.4492487645621626
0.3982337042534796,0.44128633654919425
0.38028696481390617,0.45968565458822164
0.3644797451072436,0.45368459055498533
0.3251646205482193,0.43887694038584635
0.33205311161441653,0.43757367578551337
0.3330765212387802,0.42781924232381674
0.36709086152605613,0.4455995506715096
0.3980862872725646,0.46231832711063897
0.3300044666467197,0.437109867389119
0.3053095560023186,0.4009151287843144
0.3164290369841515,0.40677013903751574
0.4042033677172887,0.42628670779422956
0.4382024835232559,0.429575846906984
0.3152851621157738,0.37182641355270757
0.3587871253738503,0.3980480650926771
0.2549800171011458,0.3289304162300693
0.25438887569096624,0.30210818342907697
0.30938915032165953,0.4240692235547122
0.34905032443701145,0.409583179465197
0.27147916226336016,0.4277860596737522
0.2765851605427921,0.41590881750022235
0.21594555796354384,0.34172545814003563
0.22530204943177337,0.33317853732695085
0.23971118878426229,0.3184798027008831
0.274321621996384,0.3241110079009179
0.1832266790719921,0.2731637999517246
0.21526043566992425,0.2984357300785053
0.1474920919533853,0.2520415072462878
0.14873293935607892,0.2322599609649885
0.311934895584625,0.456645549357032
0.3550315216750564,0.46719779988624455
0.22962415490385849,0.4276902064177351
0.25031202987300183,0.41789465887064176
0.23188016349005217,0.37673559200819223
0.23553004015341364,0.3567075480684975
0.22654916111016316,0.38564974773897953
0.27539683824027955,0.392983928055533
0.1743092269011074,0.3577912356355348
0.18652127263446708,0.38259303871498274
0.16751569900046182,0.37988118205637295
0.183669097682944,0.3656298240549698
0.264907413281052,0.39994429735251047
0.28156144706037406,0.3758173455437954
0.18655697443535768,0.3393025716415877
0.21226031036880527,0.3783970681554181
0.18000932146224038,0.321754519022991
0.17542737400529274,0.29612463069468503
0.24243232664308273,0.44544238144388565
0.2832209216684446,0.4129534098136064
0.228551663067613,0.43390023813728273
0.2176384229575382,0.42602478441018216
0.1776004798560785,0.3818688936712448
0.1802797741090355,0.3749997998933558
0.4519957237870103,0.4665287740501713
0.4601595095784516,0.4495483375343932
0.34064018877702784,0.39322396402619225
0.320546566938237,0.3855166577984785
0.25070231996316256,0.3085478126101264
0.26221116262427846,0.28090810421122564
0.3774915664274366,0.46331426882757765
0.3756508218654423,0.42979041470308404
0.28918834748805095,0.4444501894298719
0.24384869029579828,0.4133167862592933
0.21845840962972618,0.34440504848101433
0.21556004915608123,0.31477176386946576
0.2855882563580866,0.3529991669050887
0.30060625676301855,0.3344351061120364
0.20363650571195777,0.27817969338085546
0.16040985803604213,0.2663075459387751
0.14280689528916102,0.23957537779747207
0.15601783955767795,0.20296775149186327
0.3832622885794158,0.4863436799322333
0.37086011052583606,0.48562631049496946
0.2611251859930301,0.43643552389587503
0.21560334909366213,0.39337945807749125
0.23597235792886967,0.36627957477037154
0.2434847253715739,0.3262423586989384
0.309014079150976,0.4162179690381304
0.2818443963549309,0.38783850790146657
0.20710155325594726,0.3794316972811538
0.15895495724016542,0.36548636340512647
0.15824652345725337,0.3491047319752963
0.17174910846899064,0.33984617584288523
0.34601426687082987,0.4279863474476684
0.32825231141368594,0.3817193884428668
0.23984549999493351,0.3407334451759846
0.18338194267053354,0.33135072451057196
0.17238323210496834,0.305838216262561
0.2035009729026443,0.25448408868155054
0.2787629010052086,0.4554966147318444
0.2984368924021814,0.42199926393968445
0.259034617515784,0.44702806422452585
0.18995705298643623,0.40989905063706233
0.15461448372779393,0.3648137147097959
0.18625643110878629,0.3610155213499001
0.36486835849246596,0.3959731546771398
0.35380938367888365,0.3977405272918954
0.33108709541248954,0.4159765504856869
0.26763703195161315,0.3613696246911969
0.32111185480644205,0.34876941594428956
0.30251475517409604,0.33335606864955997
0.35881562290747426,0.4104802283234466
0.3721547109496716,0.3961703692990093
0.3328744463185588,0.44914992497637113
0.26628396496250567,0.3889816019302435
0.2966950369917018,0.36743751862465357
0.2907874921194926,0.3556620991773588
0.2993443330454394,0.32016363789334357
0.31758637669920586,0.3253239707830572
0.2851562992809613,0.3469528690231312
0.2052744545238666,0.28418422186338954
0.2717838675408226,0.3455622509473524
0.2725631499261433,0.3238024691592485
0.331341806924202,0.4154005325716428
0.3538794162285306,0.43167168405892814
0.28150175299430985,0.4451454474243666
0.21909965642115126,0.36445812673219846
0.24842227632137479,0.37159609696080576
0.22538781584938233,0.3243706604998908
0.3017863678984684,0.38744846100999475
0.30723968219822123,0.4018427741411953
0.2667946969221079,0.39419587592132627
0.17687012995059553,0.3517558980346691
0.2358622514200358,0.3856799854655035
0.2659417483562151,0.3826615729817299
0.3106509415582953,0.3850336483190491
0.3420452426936985,0.3963106984497468
0.2736541423123198,0.3801283302783259
0.23038733570376024,0.3504321819549708
0.22158761223365012,0.35342256122562693
0.2284638635539106,0.30665758438558105
0.2278573519540375,0.36374372929774235
0.2642009531215151,0.386775147412036
0.28101036690924963,0.4278359120043091
0.16885892138547248,0.3591907234984961
0.20856157958529942,0.4033761744493025
0.21982922252735265,0.3853626197588773
0.43169370198393764,0.40482820791147095
0.45117870271532173,0.41927527724679486
0.42278467889934657,0.38971573251891917
0.4283461551047206,0.39713341644422534
0.39382169520699084,0.362026944241609
0.3967167440642528,0.38138280935167523
0.4343450769612277,0.44209213906905054
0.45144146537328,0.46966643269331665
0.4488298080104183,0.4756869745326543
0.43270432134286585,0.45617636746920476
0.4330400170764751,0.42287808640409863
0.4428987520570076,0.4499695232230567
0.37279602102509735,0.3845520112288873
0.41326186611452015,0.40386848104955403
0.4056562302253909,0.38896601285969024
0.3691276097008005,0.38086676646127726
0.365104632321536,0.37664689553745356
0.3795740140942384,0.380779729071941
0.42919307463062634,0.45765600616780583
0.44610470585315903,0.49820624249889217
0.37300892503633065,0.460343339799626
0.37341432783447215,0.4411293145287653
0.3722730074605307,0.4390378551426509
0.3755137095497103,0.44388114017271624
0.33619050532551925,0.3819362649642168
0.35257356606745766,0.3928203397445428
0.3500880274542898,0.3870987023011711
0.33220804273653426,0.3909085718759651
0.32777611840797016,0.37202533952120925
0.3481574677773218,0.3861440329513181
0.3754352381717738,0.4170938198930706
0.39002920358357296,0.4320765526567466
0.3639943817095412,0.3914725324521073
0.3483620512719372,0.410758905199232
0.3396685507400195,0.4127978587916582
0.35603482959009924,0.4219798780988285
0.31198005176332333,0.44578838455034286
0.34809488726203225,0.46158138326781695
0.3485650262685403,0.46600131336828005
0.30461530723346303,0.45035865830385297
0.2758067163683208,0.4088906274597881
0.3091706004858064,0.42284502471953417
0.4583421468249875,0.5415118685513264
0.48122852671219013,0.5669900912348194
0.48348745899803103,0.5266488545009862
0.4754836062304336,0.5524743413626595
0.41176435751852636,0.5055973496242169
0.4156974840941168,0.5082855663676028
0.4794019475545531,0.46524453192823867
0.5010397059997586,0.4651224413119911
0.5043667883683862,0.47997606366888307
0.48233254394143454,0.44596041560404465
0.47121865387998313,0.407407199699279
0.4765065595307896,0.42720136390809155
0.40437269979851687,0.44058820933103265
0.4321490712698,0.4485031365922869
0.47925909932892674,0.4410525707250964
0.41573952578966966,0.4290998400808367
0.39684534932263027,0.44810740773625035
0.4108551276417128,0.44326233241694024
0.45824171999037827,0.40220671292055304
0.4921977205926661,0.4189264163484136
0.4547613339973917,0.398735753167877
0.4390967522482474,0.3660887749213434
0.4544390489176518,0.3770779587033569
0.452532720250734,0.3749283997860316
0.4548370535890829,0.4943710374363569
0.4933931658917157,0.5183018619756753
0.5159329500688692,0.49433473333343014
0.48635310592395287,0.5003136513526893
0.49152378387929313,0.5011079069941832
0.5094562153537738,0.5081092859743073
0.49064371874538204,0.4492447240250865
0.4809842207827685,0.4403816004780005
0.44391406038491293,0.38971318618394263
0.4174611912212107,0.4016928420869761
0.3830151743404863,0.3845426565247903
0.3950239359654885,0.3731992971373096
0.5469562813855403,0.45362213417378666
0.5610210703950929,0.4470193767725774
0.6175041268572569,0.5143730570030437
0.5815249685821076,0.47901589818861107
0.5483385313726613,0.421756139997264
0.5508406848592383,0.4201343188431186
0.5027210157778248,0.5732280569911042
0.48658346588665596,0.5506917073707869
0.49418600961850245,0.5276132953990106
0.48663765015076293,0.5466827989850672
0.41524581036346014,0.49317669690687654
0.4238500771988749,0.4970849565030505
0.5256270191010068,0.46570768594288847
0.4801028623398494,0.4579509814464957
0.5274665086931861,0.49094734028734877
0.49154370822767496,0.46004301310677076
0.4742703171624163,0.39666007751970017
0.484534737820837,0.4180273168495423
0.44725835234785183,0.442238575548627
0.4233269652468356,0.43894065783277036
0.4776939835219741,0.4421059612896706
0.42694020967081425,0.422997064541177
0.3967017896830579,0.43352461553277355
0.4054650231189828,0.4382045822432623
0.5099965334307802,0.41252844529239974
0.4426486641093537,0.3969677887858585
0.46178446411765334,0.4071858253381629
0.4408541446792372,0.38259622153114764
0.4610868465036951,0.37577485552266576
0.45056469589778503,0.3788253349868307
0.5362697992412303,0.5182290142892398
0.5023902085263806,0.49503807411457285
0.5363094437751951,0.49612835805883565
0.520504475309369,0.4967031706429751
0.5020149141929058,0.48579054062976734
0.5189105511781349,0.49651063108223276
0.5119323939156593,0.4429467555560234
0.4326595321761231,0.4488755675763999
0.41370087178394155,0.39397830372223475
0.4056281039186383,0.3982909280018943
0.3815312948020409,0.36233209282473994
0.36851451372526783,0.3626709387117306
0.5740934842331895,0.44339247161790796
0.5083481375557029,0.45253446604525693
0.6026802739094975,0.5021712855240935
0.5851391403665047,0.4799691306929756
0.5357899511724747,0.4031361509653962
0.5382136730188265,0.41275480982613666
0.5385587227001892,0.5694497530275817
0.569650564938552,0.5914593106468025
0.5259255771477044,0.5544564754267344
0.5199006020727289,0.5342390066175177
0.4520931698380077,0.5010933237026312
0.44660899176758345,0.48653806543855693
0.5361967733483541,0.4770124884720757
0.5530009048721556,0.5078082932376137
0.5456227038804367,0.5231640138495498
0.5239983636294085,0.4674569952910382
0.49140306002314116,0.4255034030674692
0.4859433831216163,0.43202044976286524
0.4826069281560368,0.4354778538793406
0.499592612896288,0.4464865639282004
0.48385548880676144,0.4534525336533538
0.47362763324621626,0.4087872675276124
0.4460873497058052,0.42209723529827325
0.4472827156857604,0.4276566902040724
0.5167747208340444,0.4031824730583255
0.536528919683941,0.4506054329455136
0.47205873275964366,0.4372157906846064
0.47142070594507585,0.3809237952101585
0.4866384414977715,0.38638984938346793
0.4610725467614213,0.371093986610637
0.5497277417030151,0.5307191709214156
0.5605255600143498,0.5503375914110102
0.544534288132112,0.5260123322766005
0.5120695949588207,0.5003269016254384
0.4975651856501618,0.4955658155223385
0.5024396061829182,0.4924181308365735
0.49439649106561595,0.42940582492763923
0.49115657949538943,0.4460133862139062
0.4753164315857113,0.43948897659108427
0.44043382764052386,0.414071147909938
0.4036017145978455,0.375753319133096
0.4071246245157475,0.3831524911821753
0.6100765326772742,0.4228079133572871
0.6109985353335202,0.4321963993626703
0.613550469474964,0.5047105803872161
0.598493263955374,0.4652613249688844
0.5607452831339295,0.4099104636073566
0.541379234795296,0.4085258583414992
0.48418121717920937,0.5307712160658429
0.5061254262114704,0.5576123181089818
0.49085812450652283,0.511983156688819
0.48830480965190104,0.5305185407181757
0.42127391275960574,0.4943488105634983
0.4284144005907943,0.4872685631831444
0.48696083434436865,0.43817208085010756
0.5037793104127928,0.4681015704998377
0.5101291073241612,0.47066108254932165
0.49273304315970146,0.4494225966590916
0.474128515306345,0.3932646385625973
0.47924654533080013,0.4015051310367886
0.42813716419644077,0.429791729381645
0.4430614879415211,0.437502062540164
0.45302699198345414,0.4225420327519458
0.43203737781552154,0.4168484572597437
0.3942799911036593,0.42055164728110167
0.40365226953830413,0.4200635804564291
0.4654091330943326,0.37934730430534647
0.4929648423189685,0.4279196229152688
0.45550311845594504,0.3860025963971287
0.4655569650965683,0.38773085367109883
0.45601707045875134,0.3607881183155304
0.45245578619957416,0.36290842941692897
0.49000318709105206,0.4952567826242442
0.5220398654150171,0.511173713217422
0.5285889095371321,0.5035940259110921
0.48683371224988353,0.49347604679621354
0.4944324564496023,0.49066212277777654
0.5087326804219752,0.49210438689943276
0.45680975572490007,0.409405504789999
0.43809158994627734,0.4275299740290881
0.42377497711892376,0.4041846198991052
0.4186487949749909,0.42195635627554273
0.3757172159183908,0.3754305343667541
0.37994096954352957,0.3710033963407188
0.5685926275830552,0.43278184993864705
0.602805271267198,0.4506662939364486
0.6153773266242923,0.48687537130759345
0.5848373337116263,0.4734992153661709
0.5444380427589283,0.422299405558783
0.5398820445390703,0.4149793049863847
0.3534294852038676,0.5177604908304567
0.4203959355567563,0.5502142734982837
0.24461221274714276,0.4381704452923232
0.2656608899714863,0.47340368123778803
0.17271934992047283,0.39227862468279406
0.18532689672910713,0.3572305650452795
0.2361066221368124,0.3861021457738783
0.27226416084798283,0.40195505648040253
0.19339180651784849,0.3908683560812269
0.16766391153142005,0.36001753251035007
0.13063439040983202,0.30436377781028745
0.14274187159425006,0.29483742395514356
0.17129488526943254,0.3560783575449808
0.2397136964032413,0.38111535618590353
0.11277607977560479,0.316467497513431
0.09815787086317927,0.3258290238094397
0.05962800946730344,0.26898820403908663
0.07681901280621255,0.250997805320859
0.2582447290576929,0.34465416357492124
0.32558458594867096,0.3734132626610697
0.13178087851957784,0.29662987127549495
0.14766765990083985,0.2954282096299161
0.11265485793327933,0.2590878029004349
0.1058161868088519,0.24537891135805015
0.24013064540013515,0.4553173824906926
0.3183500237725428,0.4782633851708935
0.17152471214892695,0.4041879221862266
0.16518358176809306,0.4255075080534392
0.16845431394225688,0.3995727789011545
0.20441390173036886,0.39453147209384937
0.21738248375535474,0.3245752463005511
0.21334163691048583,0.31833633613614615
0.08387732103751883,0.2518064195906187
0.10211423089416168,0.28609029659697166
0.09348429167716132,0.21865362379275147
0.08752939955150968,0.18682384558846327
0.27625588081512265,0.3927356042334541
0.3284900205459675,0.3868771170283082
0.23607370406467768,0.404733293286908
0.2378011841915901,0.3858286617626979
0.19163176342496166,0.33927776096051193
0.1907753950152182,0.31912216666153204
0.3988286919239243,0.5292524381972789
0.41607535588630645,0.5435088095216835
0.23989808802439094,0.42534031252688165
0.2721926238821072,0.4373619027735628
0.18063885890812573,0.3634086811373206
0.16650576743524673,0.3271845952880091
0.26112421954131804,0.4173205222691698
0.2806383096484114,0.4175420687383772
0.1929969427242447,0.4019692336613812
0.19177032595856439,0.36172360399399006
0.14941055560152217,0.30843377098614133
0.1390276970528058,0.2814209719761349
0.24630589900026884,0.37616234723858155
0.2607099356782363,0.39674298715140643
0.14800358042154474,0.31359857505316147
0.12862150552469132,0.2876217202901111
0.08244791553202581,0.25485401129221397
0.0748487370431507,0.22383437030232106
0.2832357277120194,0.3804919734606716
0.31012352523435593,0.3833962669832385
0.133986152311685,0.31847060534231336
0.1412484007233349,0.26692559916616054
0.11929922625266298,0.25854135496219505
0.09338932521824206,0.23697571723911676
0.2910011113327446,0.48227694443106467
0.33522000061801865,0.47009001734605915
0.20814710362792196,0.4113790037419751
0.19396743152563742,0.39444171557658897
0.19222775071820775,0.38974767978054325
0.1884870670213963,0.35747695466307455
0.25417801498974824,0.3506113723921021
0.2088299210803284,0.32422680042743823
0.08838912409115877,0.2586921172606723
0.10500813675497954,0.2471644982299422
0.08963457932740349,0.1939689114799926
0.07911428877146703,0.18388658922685497
0.2800194809967399,0.39564502360446896
0.3043187486152562,0.37734482064722336
0.22938108916522654,0.4119683029496272
0.21882003210501444,0.35959297629152714
0.1917353391209007,0.30845138304857384
0.1703758525303338,0.2994050326277179
0.30250694878428386,0.42742371954244546
0.3361649230993664,0.43531957287914
0.22502089121927216,0.43791620042356505
0.2431264283247871,0.405406055146182
0.25889729010080503,0.4162373681059902
0.24810051027907884,0.381588530995678
0.2963734547266491,0.3731374130906397
0.328753229150993,0.3725112027839957
0.23575169133502727,0.4174058696098408
0.2107164503406319,0.35395163880665365
0.2375653831634872,0.3254874426242838
0.2347407243340753,0.32255353760887484
0.21257643822057792,0.3456567437997199
0.2126135863284042,0.3508354870620307
0.159654163207759,0.3600461574970401
0.1098208650643575,0.30480908835887655
0.18669223573098592,0.3845805058433467
0.2283063706369885,0.3737856877363279
0.27822498687344904,0.33489761022062725
0.31460612254705905,0.3432184127666814
0.19470500904736568,0.35675833817327207
0.16614684297075386,0.28722437962808417
0.18244151584364543,0.2661189516726562
0.1575132430412034,0.2433958741026708
0.3187043014236204,0.42186443858602135
0.3511260690296657,0.4337166782566252
0.2477113816529199,0.4157803264777471
0.19196463684502543,0.37803063144601085
0.23178336175532355,0.4129373214480838
0.2861316478360386,0.4074402228275865
0.22233644930009136,0.33758445266912435
0.23527521151688824,0.3541413346769724
0.12593178078929532,0.331660239790787
0.1343506861224647,0.30568885810038054
0.14746300592109063,0.23580398054451415
0.12705417190782947,0.2275336283172587
0.18311622902641414,0.3107573293880194
0.23752874493540557,0.3260830181025206
0.17768857988000855,0.3959993778462333
0.11967813646601283,0.31972990763905434
0.22251340281677726,0.3247059267597665
0.20805914835325487,0.3108258411641691
0.40238437763310053,0.503919416329052
0.42828867930205217,0.5234460102147929
0.3639289893893725,0.4781237370461465
0.3925842925588839,0.493293294542891
0.3341795451290909,0.45067570316476496
0.34891991536273753,0.4569130498048236
0.46285214770064287,0.44954870028629784
0.49935050338316656,0.47838792464496577
0.4737036063802282,0.47881780643053273
0.469765188597957,0.4526130074462446
0.45990868234044097,0.43830251985762836
0.4742552128418501,0.45109742260291646
0.39741098850975665,0.44567445873813716
0.4268610839937983,0.4785986019591445
0.3944212477089236,0.45621059543125697
0.39590836996687967,0.4480407375849418
0.36660945766546976,0.4408054631784819
0.3910097637960948,0.4441388623519197
0.4264833883015114,0.4038975021152234
0.4700075578440875,0.4500127411566864
0.397798190099859,0.395221859655747
0.3957016657752086,0.3756865632926508
0.37110093651437065,0.37549129445965207
0.3883073712742546,0.3797627684501588
0.4371977207690743,0.4993724480014531
0.4726175035661717,0.5121918965780734
0.43993731736728675,0.49913354065493754
0.43248752970704396,0.5009397771719747
0.4190442606426689,0.46646061975888087
0.42998217626898516,0.4797655516650471
0.3410599777983888,0.38565543251080453
0.3574839607970081,0.40791549827963486
0.301278712657719,0.3624055505534688
0.3167146583668537,0.3557285531210892
0.3064151151249,0.353225705676882
0.32388661907911126,0.36327067536515717
0.44316760042979,0.41807226094151856
0.4731626677958727,0.44133990233871306
0.4604015899960589,0.45954991444656745
0.43267107941618366,0.43560217656341665
0.4140055585747554,0.3881726195859911
0.4270942059396907,0.40291675611541794
